{"cameraMode":{"drawMode":0,"name":"Shaded","section":"Shading Mode"},"sceneLighting":true,"audioPlay":false,"sceneViewState":{"showFog":false,"showMaterialUpdate":false,"showSkybox":false,"showFlares":false,"showImageEffects":false,"showParticleSystems":false},"in2DMode":false,"pivot":{"x":-8.922430038452149,"y":-8.617993354797364,"z":4.739453315734863},"rotation":{"x":-0.33382412791252139,"y":0.1772555261850357,"z":-0.06403718143701554,"w":-0.9236391186714172},"size":54.56501007080078,"orthographic":false}