{"cameraMode":{"drawMode":0,"name":"Shaded","section":"Shading Mode"},"sceneLighting":true,"audioPlay":false,"sceneViewState":{"showFog":true,"showMaterialUpdate":true,"showSkybox":true,"showFlares":true,"showImageEffects":true,"showParticleSystems":true},"in2DMode":false,"pivot":{"x":1.3565349578857422,"y":-0.6977298259735107,"z":8.083211898803711},"rotation":{"x":-0.06074456498026848,"y":-0.39963123202323916,"z":0.0244744885712862,"w":-0.9143469333648682},"size":25.807950973510743,"orthographic":false}