{"cameraMode":{"drawMode":0,"name":"Shaded","section":"Shading Mode"},"sceneLighting":true,"audioPlay":false,"sceneViewState":{"showFog":false,"showMaterialUpdate":false,"showSkybox":false,"showFlares":false,"showImageEffects":false,"showParticleSystems":false},"in2DMode":false,"pivot":{"x":-7.319999694824219,"y":-8.124648094177246,"z":9.619999885559082},"rotation":{"x":-0.3383207619190216,"y":0.3581072986125946,"z":-0.14108861982822419,"w":-0.8587164878845215},"size":27.113433837890626,"orthographic":false}