{"cameraMode":{"drawMode":0,"name":"Shaded","section":"Shading Mode"},"sceneLighting":false,"audioPlay":false,"sceneViewState":{"showFog":true,"showMaterialUpdate":true,"showSkybox":false,"showFlares":true,"showImageEffects":true,"showParticleSystems":true},"in2DMode":false,"pivot":{"x":-3.9800000190734865,"y":-7.5804548263549809,"z":5.349999904632568},"rotation":{"x":0.2952522933483124,"y":-0.4857872426509857,"z":0.17846009135246278,"w":0.8031968474388123},"size":35.62869644165039,"orthographic":false}