{"cameraMode":{"drawMode":0,"name":"Shaded","section":"Shading Mode"},"sceneLighting":true,"audioPlay":false,"sceneViewState":{"showFog":false,"showMaterialUpdate":false,"showSkybox":false,"showFlares":false,"showImageEffects":false,"showParticleSystems":false},"in2DMode":false,"pivot":{"x":-6.902128219604492,"y":-2.717841148376465,"z":-1.8800582885742188},"rotation":{"x":-0.08298493921756745,"y":-0.9172661900520325,"z":0.2647795081138611,"w":-0.2864111065864563},"size":25.405445098876954,"orthographic":false}