{"cameraMode":{"drawMode":0,"name":"Shaded","section":"Shading Mode"},"sceneLighting":false,"audioPlay":false,"sceneViewState":{"showFog":true,"showMaterialUpdate":true,"showSkybox":false,"showFlares":true,"showImageEffects":true,"showParticleSystems":true},"in2DMode":false,"pivot":{"x":-6.504589557647705,"y":4.1921067237854,"z":-3.1183972358703615},"rotation":{"x":-0.08990278840065003,"y":0.5072218775749207,"z":-0.053306858986616138,"w":-0.8554666638374329},"size":12.01577091217041,"orthographic":false}