{"cameraMode":{"drawMode":0,"name":"Shaded","section":"Shading Mode"},"sceneLighting":true,"audioPlay":false,"sceneViewState":{"showFog":false,"showMaterialUpdate":false,"showSkybox":false,"showFlares":false,"showImageEffects":false,"showParticleSystems":false},"in2DMode":false,"pivot":{"x":-3.7586944103240969,"y":1.2258386611938477,"z":-0.8701848983764648},"rotation":{"x":-0.25784531235694888,"y":-0.11292653530836106,"z":0.029704784974455835,"w":-0.9593170285224915},"size":13.945354461669922,"orthographic":false}