{"cameraMode":{"drawMode":0,"name":"Shaded","section":"Shading Mode"},"sceneLighting":true,"audioPlay":false,"sceneViewState":{"showFog":false,"showMaterialUpdate":false,"showSkybox":false,"showFlares":false,"showImageEffects":false,"showParticleSystems":false},"in2DMode":false,"pivot":{"x":21.6876220703125,"y":-171.55804443359376,"z":-134.9344482421875},"rotation":{"x":-0.14059491455554963,"y":0.058474719524383548,"z":-0.008317962288856507,"w":-0.9883120059967041},"size":1548.6314697265625,"orthographic":false}