{"cameraMode":{"drawMode":0,"name":"Shaded","section":"Shading Mode"},"sceneLighting":false,"audioPlay":false,"sceneViewState":{"showFog":true,"showMaterialUpdate":true,"showSkybox":false,"showFlares":true,"showImageEffects":true,"showParticleSystems":true},"in2DMode":false,"pivot":{"x":-5.78000020980835,"y":2.9240000247955324,"z":2.7611000537872316},"rotation":{"x":-0.22048312425613404,"y":0.4929843544960022,"z":-0.13072089850902558,"w":-0.8314502239227295},"size":22.0,"orthographic":false}