{"cameraMode":{"drawMode":0,"name":"Shaded","section":"Shading Mode"},"sceneLighting":true,"audioPlay":false,"sceneViewState":{"showFog":false,"showMaterialUpdate":false,"showSkybox":false,"showFlares":false,"showImageEffects":false,"showParticleSystems":false},"in2DMode":false,"pivot":{"x":-11.544683456420899,"y":-15.345836639404297,"z":10.61115550994873},"rotation":{"x":0.4165177643299103,"y":-0.4282265305519104,"z":0.23237626254558564,"w":0.7677302360534668},"size":42.92994689941406,"orthographic":false}