{"cameraMode":{"drawMode":0,"name":"Shaded","section":"Shading Mode"},"sceneLighting":true,"audioPlay":false,"sceneViewState":{"showFog":true,"showMaterialUpdate":true,"showSkybox":true,"showFlares":true,"showImageEffects":true,"showParticleSystems":true},"in2DMode":false,"pivot":{"x":0.5930333137512207,"y":-0.9374570846557617,"z":0.6730406284332275},"rotation":{"x":-0.3710697591304779,"y":0.4477820098400116,"z":-0.21152399480342866,"w":-0.785530149936676},"size":6.6451416015625,"orthographic":false}