{"cameraMode":{"drawMode":0,"name":"Shaded","section":"Shading Mode"},"sceneLighting":true,"audioPlay":false,"sceneViewState":{"showFog":true,"showMaterialUpdate":true,"showSkybox":true,"showFlares":true,"showImageEffects":true,"showParticleSystems":true},"in2DMode":false,"pivot":{"x":-17.844928741455079,"y":-5.695844650268555,"z":4.410741806030273},"rotation":{"x":0.2838447391986847,"y":-0.48363935947418215,"z":0.16907402873039246,"w":0.8108851313591003},"size":33.84915542602539,"orthographic":false}