{"cameraMode":{"drawMode":0,"name":"Shaded","section":"Shading Mode"},"sceneLighting":false,"audioPlay":false,"sceneViewState":{"showFog":true,"showMaterialUpdate":true,"showSkybox":false,"showFlares":true,"showImageEffects":true,"showParticleSystems":true},"in2DMode":false,"pivot":{"x":-1.9800000190734864,"y":-8.163174629211426,"z":3.3399999141693117},"rotation":{"x":-0.14387917518615724,"y":0.6835092902183533,"z":-0.14012348651885987,"w":-0.7017974257469177},"size":33.723236083984378,"orthographic":false}