{"cameraMode":{"drawMode":0,"name":"Shaded","section":"Shading Mode"},"sceneLighting":true,"audioPlay":false,"sceneViewState":{"showFog":false,"showMaterialUpdate":false,"showSkybox":false,"showFlares":false,"showImageEffects":false,"showParticleSystems":false},"in2DMode":false,"pivot":{"x":-3.6107449531555177,"y":-10.603572845458985,"z":13.675634384155274},"rotation":{"x":-0.41756829619407656,"y":0.12661470472812653,"z":-0.05889791622757912,"w":-0.8978772759437561},"size":28.773578643798829,"orthographic":false}