{"cameraMode":{"drawMode":0,"name":"Shaded","section":"Shading Mode"},"sceneLighting":true,"audioPlay":false,"sceneViewState":{"showFog":false,"showMaterialUpdate":false,"showSkybox":false,"showFlares":false,"showImageEffects":false,"showParticleSystems":false},"in2DMode":false,"pivot":{"x":-1.143784523010254,"y":2.7011308670043947,"z":5.0745768547058109},"rotation":{"x":-0.03917037323117256,"y":0.6956300735473633,"z":-0.03803185746073723,"w":-0.7166905999183655},"size":3.8684585094451906,"orthographic":false}