{"cameraMode":{"drawMode":0,"name":"Shaded","section":"Shading Mode"},"sceneLighting":true,"audioPlay":false,"sceneViewState":{"showFog":true,"showMaterialUpdate":true,"showSkybox":true,"showFlares":true,"showImageEffects":true,"showParticleSystems":true},"in2DMode":false,"pivot":{"x":-16.3973388671875,"y":-5.413612365722656,"z":11.904178619384766},"rotation":{"x":0.2332593947649002,"y":-0.2693764567375183,"z":0.06714770942926407,"w":0.9322604537010193},"size":54.41701126098633,"orthographic":false}